{"layer_sizes":[2,2,1],"learning_rate":0.1,"weights":[{"v":1,"dim":[2,2],"data":[-1.095293771334815,-1.2493178766351791,-1.626649358211362,-2.35676453390818]},{"v":1,"dim":[2,1],"data":[0.3893706216752559,0.6486508183708768]}],"biases":[{"v":1,"dim":[2],"data":[0.0026107204058684053,0.024761884369091932]},{"v":1,"dim":[1],"data":[0.2736465020593216]}],"activations":["sigmoid","relu"],"dropout_rates":[0.5,0.0]}